Anisha Keshavan <akeshavan@gmail.com> <akeshavan@ucla.edu>
Anisha Keshavan <akeshavan@gmail.com> <keshavan@berkeley.edu>
Ariel Rokem <arokem@berkeley.edu>
Ariel Rokem <arokem@berkeley.edu> <arokem@gmail.com>
Derek Pilsner <dpisner@utexas.edu>
Derek Pilsner <dpisner@utexas.edu> dPys <dpisner@utexas.edu>
Garikoitz Lerma-Usabiaga <garikoitz@gmail.com> garikoitz <garikoitz@gmail.com>
Michael Joseph <josephmje.22@gmail.com> mjoseph <josephmje.22@gmail.com>
Oscar Esteban <code@oscaresteban.es>
Oscar Esteban <code@oscaresteban.es> <oesteban@stanford.edu>
Oscar Esteban <code@oscaresteban.es> oesteban <code@oscaresteban.es>
